<xml xmlns:o="urn:schemas-microsoft-com:office:office">
 <o:File HRef="master03.htm"/>
 <o:File HRef="master03.xml"/>
 <o:File HRef="preview.wmf"/>
 <o:File HRef="pres.xml"/>
 <o:File HRef="slide0054.htm"/>
 <o:File HRef="slide0002.htm"/>
 <o:File HRef="slide0003.htm"/>
 <o:File HRef="slide0045.htm"/>
 <o:File HRef="slide0046.htm"/>
 <o:File HRef="slide0004.htm"/>
 <o:File HRef="slide0010.htm"/>
 <o:File HRef="slide0016.htm"/>
 <o:File HRef="slide0016_image001.jpg"/>
 <o:File HRef="slide0016_image002.jpg"/>
 <o:File HRef="slide0016_image003.jpg"/>
 <o:File HRef="slide0015.htm"/>
 <o:File HRef="slide0047.htm"/>
 <o:File HRef="slide0048.htm"/>
 <o:File HRef="slide0049.htm"/>
 <o:File HRef="slide0050.htm"/>
 <o:File HRef="slide0051.htm"/>
 <o:File HRef="slide0052.htm"/>
 <o:File HRef="slide0007.htm"/>
 <o:File HRef="slide0043.htm"/>
 <o:File HRef="slide0042.htm"/>
 <o:File HRef="slide0041.htm"/>
 <o:File HRef="slide0040.htm"/>
 <o:File HRef="slide0039.htm"/>
 <o:File HRef="master01.htm"/>
 <o:File HRef="master03_stylesheet.css"/>
 <o:File HRef="script.js"/>
 <o:MainFile HRef="../Advance_02.aspx"/>
 <o:File HRef="fullscreen.htm"/>
 <o:File HRef="notes_flag.gif"/>
 <o:File HRef="buttons.gif"/>
 <o:File HRef="frame.htm"/>
 <o:File HRef="outline.htm"/>
 <o:File HRef="filelist.xml"/>
</xml>