<xml xmlns:o="urn:schemas-microsoft-com:office:office">
 <o:File HRef="master03.htm"/>
 <o:File HRef="master03.xml"/>
 <o:File HRef="preview.wmf"/>
 <o:File HRef="pres.xml"/>
 <o:File HRef="slide0036.htm"/>
 <o:File HRef="slide0002.htm"/>
 <o:File HRef="slide0037.htm"/>
 <o:File HRef="slide0038.htm"/>
 <o:File HRef="slide0044.htm"/>
 <o:File HRef="slide0039.htm"/>
 <o:File HRef="slide0040.htm"/>
 <o:File HRef="slide0041.htm"/>
 <o:File HRef="slide0042.htm"/>
 <o:File HRef="slide0003.htm"/>
 <o:File HRef="slide0015.htm"/>
 <o:File HRef="slide0014.htm"/>
 <o:File HRef="slide0013.htm"/>
 <o:File HRef="slide0012.htm"/>
 <o:File HRef="slide0045.htm"/>
 <o:File HRef="slide0011.htm"/>
 <o:File HRef="slide0010.htm"/>
 <o:File HRef="slide0024.htm"/>
 <o:File HRef="slide0023.htm"/>
 <o:File HRef="slide0022.htm"/>
 <o:File HRef="slide0006.htm"/>
 <o:File HRef="slide0029.htm"/>
 <o:File HRef="slide0031.htm"/>
 <o:File HRef="slide0032.htm"/>
 <o:File HRef="slide0033.htm"/>
 <o:File HRef="slide0035.htm"/>
 <o:File HRef="master01.htm"/>
 <o:File HRef="master03_stylesheet.css"/>
 <o:File HRef="script.js"/>
 <o:MainFile HRef="../Advance_03.aspx"/>
 <o:File HRef="fullscreen.htm"/>
 <o:File HRef="notes_flag.gif"/>
 <o:File HRef="buttons.gif"/>
 <o:File HRef="frame.htm"/>
 <o:File HRef="outline.htm"/>
 <o:File HRef="filelist.xml"/>
</xml>