<xml xmlns:v="urn:schemas-microsoft-com:vml"
 xmlns:o="urn:schemas-microsoft-com:office:office"
 xmlns:p="urn:schemas-microsoft-com:office:powerpoint"
 xmlns:oa="urn:schemas-microsoft-com:office:activation">
 <o:shapelayout v:ext="edit">
  <o:idmap v:ext="edit" data="1"/>
 </o:shapelayout><p:colorscheme
  colors="#FFFFFF,#000000,#808080,#000000,#BBE0E3,#333399,#009999,#99CC00"/>
 <v:background id="_x0000_s1025" o:bwmode="white" fillcolor="white [0]">
  <v:fill color2="#339 [5]"/>
 </v:background><p:shaperange id="_x0000_s1034">
  <v:rect id="_x0000_s1034" style='position:absolute;left:12pt;top:78pt;
   width:696pt;height:450pt;mso-wrap-style:none;v-text-anchor:middle'
   o:userdrawn="t" fillcolor="#ffc" strokecolor="#009094" strokeweight="1pt">
   <v:shadow on="t" color="#919191" offset="6pt,6pt"/>
  </v:rect></p:shaperange>
 <p:shaperange id="_x0000_m1035">
  <v:shapetype id="_x0000_m1035" style='position:absolute;left:12pt;top:12pt;
   width:696pt;height:66.25pt;v-text-anchor:middle' coordsize="21600,21600"
   o:master="" o:spt="1" path="m,l,21600r21600,l21600,xe" filled="f"
   fillcolor="#bbe0e3 [4]" stroked="f" strokecolor="black [1]">
   <v:fill color2="white [0]" o:detectmouseclick="t"/>
   <v:stroke joinstyle="miter" o:forcedash="t"/>
   <v:shadow color="gray [2]"/>
   <v:path gradientshapeok="t" o:connecttype="rect"/>
   <o:lock v:ext="edit" grouping="t"/>
   <p:placeholder type="title"/>
  </v:shapetype></p:shaperange>
 <p:shaperange id="_x0000_m1036">
  <v:shapetype id="_x0000_m1036" style='position:absolute;left:12pt;top:78pt;
   width:696pt;height:450pt' coordsize="21600,21600" o:master="" o:spt="1"
   path="m,l,21600r21600,l21600,xe" filled="f" fillcolor="#bbe0e3 [4]"
   stroked="f" strokecolor="black [1]">
   <v:fill color2="white [0]" o:detectmouseclick="t"/>
   <v:stroke joinstyle="miter" o:forcedash="t"/>
   <v:shadow color="gray [2]"/>
   <v:path gradientshapeok="t" o:connecttype="rect"/>
   <o:lock v:ext="edit" grouping="t"/>
   <p:placeholder type="body" position="1"/>
  </v:shapetype></p:shaperange>
</xml>