<xml xmlns:o="urn:schemas-microsoft-com:office:office">
 <o:File HRef="master03.html"/>
 <o:File HRef="master03.xml"/>
 <o:File HRef="preview.wmf"/>
 <o:File HRef="pres.xml"/>
 <o:File HRef="slide0010.html"/>
 <o:File HRef="slide0002.html"/>
 <o:File HRef="slide0003.html"/>
 <o:File HRef="slide0004.html"/>
 <o:File HRef="slide0005.html"/>
 <o:File HRef="slide0006.html"/>
 <o:File HRef="slide0007.html"/>
 <o:File HRef="slide0008.html"/>
 <o:File HRef="slide0009.html"/>
 <o:File HRef="master01.html"/>
 <o:File HRef="master03_stylesheet.css"/>
 <o:File HRef="script.js"/>
 <o:MainFile HRef="../Advance_11.html"/>
 <o:File HRef="fullscreen.html"/>
 <o:File HRef="notes_flag.gif"/>
 <o:File HRef="buttons.gif"/>
 <o:File HRef="frame.html"/>
 <o:File HRef="outline.html"/>
 <o:File HRef="filelist.xml"/>
</xml>