<xml xmlns:o="urn:schemas-microsoft-com:office:office">
 <o:File HRef="master03.html"/>
 <o:File HRef="master03.xml"/>
 <o:File HRef="preview.wmf"/>
 <o:File HRef="pres.xml"/>
 <o:File HRef="slide0018.html"/>
 <o:File HRef="slide0002.html"/>
 <o:File HRef="slide0003.html"/>
 <o:File HRef="slide0010.html"/>
 <o:File HRef="slide0004.html"/>
 <o:File HRef="slide0011.html"/>
 <o:File HRef="slide0012.html"/>
 <o:File HRef="slide0013.html"/>
 <o:File HRef="slide0014.html"/>
 <o:File HRef="slide0017.html"/>
 <o:File HRef="slide0015.html"/>
 <o:File HRef="slide0016.html"/>
 <o:File HRef="master01.html"/>
 <o:File HRef="master03_stylesheet.css"/>
 <o:File HRef="script.js"/>
 <o:MainFile HRef="../Advance_10.html"/>
 <o:File HRef="fullscreen.html"/>
 <o:File HRef="notes_flag.gif"/>
 <o:File HRef="buttons.gif"/>
 <o:File HRef="frame.html"/>
 <o:File HRef="outline.html"/>
 <o:File HRef="filelist.xml"/>
</xml>