<xml xmlns:v="urn:schemas-microsoft-com:vml"
 xmlns:o="urn:schemas-microsoft-com:office:office"
 xmlns:p="urn:schemas-microsoft-com:office:powerpoint"
 xmlns:oa="urn:schemas-microsoft-com:office:activation">
 <p:presentation sizeof="screen" gridspacingx="46448" gridspacingy="46448">
  <p:master id="3" slidesn="1C42853,44048500" type="main" href="master03.htm"
   xmlhref="master03.xml" template="Default Design" layout="title_body"
   slots="title,body,dateTime,footer,slideNumber">
   <p:schemes>
    <p:colorscheme
     colors="#FFFFFF,#000000,#808080,#000000,#BBE0E3,#333399,#009999,#99CC00"/>
    <p:colorscheme
     colors="#FFFFFF,#000000,#969696,#000000,#FBDF53,#FF9966,#CC3300,#996600"/>
    <p:colorscheme
     colors="#FFFFFF,#000000,#808080,#000000,#99CCFF,#CCCCFF,#3333CC,#AF67FF"/>
    <p:colorscheme
     colors="#DEF6F1,#000000,#969696,#000000,#FFFFFF,#8DC6FF,#0066CC,#00A800"/>
    <p:colorscheme
     colors="#FFFFD9,#000000,#777777,#000000,#FFFFF7,#33CCCC,#FF5050,#FF9900"/>
    <p:colorscheme
     colors="#008080,#FFFFFF,#005A58,#FFFF99,#006462,#6D6FC7,#00FFFF,#00FF00"/>
    <p:colorscheme
     colors="#800000,#FFFFFF,#5C1F00,#DFD293,#CC3300,#BE7960,#FFFF99,#D3A219"/>
    <p:colorscheme
     colors="#000099,#FFFFFF,#003366,#CCFFFF,#3366CC,#00B000,#66CCFF,#FFE701"/>
    <p:colorscheme
     colors="#000000,#FFFFFF,#336699,#E3EBF1,#003399,#468A4B,#66CCFF,#F0E500"/>
    <p:colorscheme
     colors="#686B5D,#FFFFFF,#777777,#D1D1CB,#909082,#809EA8,#FFCC66,#E9DCB9"/>
    <p:colorscheme
     colors="#666699,#FFFFFF,#3E3E5C,#FFFFFF,#60597B,#6666FF,#99CCFF,#FFFF99"/>
    <p:colorscheme
     colors="#523E26,#FFFFFF,#2D2015,#DFC08D,#8C7B70,#8F5F2F,#CCB400,#8C9EA0"/>
   </p:schemes>
  </p:master>
  <p:master id="1" slidesn="1C44461,C4E70F10" type="notes" href="master01.htm"
   layout="notes" slots="header,dateTime,slideImage,body,footer,slideNumber"/>
  <p:slide id="32" slidesn="1C48430,899868A0" href="slide0032.htm"
   layout="title_subtitle" slots="centerTitle,subTitle"/>
  <p:slide id="2" slidesn="1C4285B,7960F9B0" href="slide0002.htm"
   layout="title_body" slots="title,body"/>
  <p:slide id="3" slidesn="1C4285B,B5D0C6F0" href="slide0003.htm"
   layout="title_body" slots="title,body"/>
  <p:slide id="14" slidesn="1C43CC6,FD22D00" href="slide0014.htm"
   layout="title_body" slots="title,body"/>
  <p:slide id="13" slidesn="1C43CC6,EE16460" href="slide0013.htm"
   layout="title_body" slots="title,body"/>
  <p:slide id="12" slidesn="1C43CC6,DF7C7B0" href="slide0012.htm"
   layout="title_body" slots="title,body"/>
  <p:slide id="19" slidesn="1C43CC6,8365E220" href="slide0019.htm"
   layout="title_body" slots="title,body"/>
  <p:slide id="4" slidesn="1C4285C,E6E33A10" href="slide0004.htm"
   layout="title_body" slots="title,body"/>
  <p:slide id="18" slidesn="1C43CC6,7A8A9470" href="slide0018.htm"
   layout="title_body" slots="title,body"/>
  <p:slide id="17" slidesn="1C43CC6,79BB0F70" href="slide0017.htm"
   layout="title_body" slots="title,body"/>
  <p:slide id="16" slidesn="1C43CC6,78D62DB0" href="slide0016.htm"
   layout="2_columns" slots="title,body,object"/>
  <p:slide id="15" slidesn="1C43CC6,77F3BCF0" href="slide0015.htm"
   layout="title_body" slots="title,body"/>
  <p:slide id="10" slidesn="1C4285D,51B12550" href="slide0010.htm"
   layout="title_body" slots="title,body"/>
  <p:slide id="26" slidesn="1C43CC7,46044560" href="slide0026.htm"
   layout="title_body" slots="title,body"/>
  <p:slide id="25" slidesn="1C43CC7,44EFA110" href="slide0025.htm"
   layout="title_body" slots="title,body"/>
  <p:slide id="24" slidesn="1C43CC7,4411EB40" href="slide0024.htm"
   layout="title_body" slots="title,body"/>
  <p:slide id="23" slidesn="1C43CC7,432ABF90" href="slide0023.htm"
   layout="title_body" slots="title,body"/>
  <p:slide id="22" slidesn="1C43CC7,424CE2B0" href="slide0022.htm"
   layout="title_body" slots="title,body"/>
  <p:slide id="21" slidesn="1C43CC7,4146BD50" href="slide0021.htm"
   layout="title_body" slots="title,body"/>
  <p:slide id="20" slidesn="1C43CC7,3FD07100" href="slide0020.htm"
   layout="title_body" slots="title,body"/>
  <p:slide id="5" slidesn="1C4285C,EC57DD20" href="slide0005.htm"
   layout="title_body" slots="title,body"/>
  <p:slide id="27" slidesn="1C43CC7,E7CBFB40" href="slide0027.htm"
   layout="title_body" slots="title,body"/>
  <p:slide id="28" slidesn="1C43CC7,E8C17ED0" href="slide0028.htm"
   layout="title_body" slots="title,body"/>
  <p:slide id="29" slidesn="1C43CC7,E957A450" href="slide0029.htm"
   layout="title_body" slots="title,body"/>
  <p:slide id="30" slidesn="1C43CC7,E9EB7FE0" href="slide0030.htm"
   layout="title_body" slots="title,body"/>
  <p:slide id="31" slidesn="1C43CC7,EA868760" href="slide0031.htm"
   layout="title_body" slots="title,body"/>
  <p:viewstate type="slideView" restoredleft="156" restoredtop="396"
   manualadjusttop="t" hideoutlineicons="t"/>
  <p:font name="Arial" charset="0" type="4" family="34"/>
  <p:font name="Angsana New" charset="222" type="4" family="18"/>
  <p:font name="Tahoma" charset="0" type="4" family="34"/>
  <p:font name="Times New Roman" charset="0" type="4" family="18"/>
  <p:font name="Arial Narrow" charset="0" type="4" family="34"/>
  <p:font name="Lucida Sans Typewriter" charset="0" type="4" family="49"/>
  <p:font name="Wingdings" charset="2" type="4" family="2"/>
  <p:pptdocumentsettings framecolors="PresentationSchemeTextColor"
   hideslideanimation="t" browsersupport="v4"/>
 </p:presentation>
 <o:shapedefaults v:ext="edit" spidmax="73734"/>
</xml>