<xml xmlns:o="urn:schemas-microsoft-com:office:office">
 <o:File HRef="master03.htm"/>
 <o:File HRef="master03.xml"/>
 <o:File HRef="preview.wmf"/>
 <o:File HRef="pres.xml"/>
 <o:File HRef="slide0026.htm"/>
 <o:File HRef="slide0002.htm"/>
 <o:File HRef="slide0003.htm"/>
 <o:File HRef="slide0012.htm"/>
 <o:File HRef="slide0011.htm"/>
 <o:File HRef="slide0004.htm"/>
 <o:File HRef="slide0013.htm"/>
 <o:File HRef="slide0014.htm"/>
 <o:File HRef="slide0017.htm"/>
 <o:File HRef="slide0016.htm"/>
 <o:File HRef="slide0015.htm"/>
 <o:File HRef="slide0018.htm"/>
 <o:File HRef="slide0010.htm"/>
 <o:File HRef="slide0022.htm"/>
 <o:File HRef="slide0021.htm"/>
 <o:File HRef="slide0020.htm"/>
 <o:File HRef="slide0019.htm"/>
 <o:File HRef="slide0005.htm"/>
 <o:File HRef="slide0023.htm"/>
 <o:File HRef="slide0024.htm"/>
 <o:File HRef="slide0025.htm"/>
 <o:File HRef="master01.htm"/>
 <o:File HRef="master03_stylesheet.css"/>
 <o:File HRef="script.js"/>
 <o:MainFile HRef="../Advance_07.aspx"/>
 <o:File HRef="fullscreen.htm"/>
 <o:File HRef="notes_flag.gif"/>
 <o:File HRef="buttons.gif"/>
 <o:File HRef="frame.htm"/>
 <o:File HRef="outline.htm"/>
 <o:File HRef="filelist.xml"/>
</xml>